Headline,Category,Name,Country,Region,Continent,Site,Collected
Mali: Former President Boubacar Ke√Øta Dies in Bamako,random,Ethiopian Monitor,Ethiopia,East Africa,Africa,https://ethiopianmonitor.com/,20220117
Ministry bans external mocks for candidates,random,The Daily Monitor,Uganda,East Africa,Africa,https://www.monitor.co.ug/,20220117
Arts & Culture,random,Mail & Guardian,South Africa,South Africa,Africa,https://mg.co.za/,20220117
Delta Chief Judge frees four awaiting trial inmates in Warri prison,random,Nigerian Tribune,Nigeria,West Africa,Africa,https://tribuneonlineng.com/,20220117
"APC govs' forum DG, Salihu Lukman, resigns amid national convention crisis",random,The Punch,Nigeria,West Africa,Africa,https://punchng.com/,20220117
"Fatu Camara, CEO, The Fatu Network",random,The Standard,Gambia,West Africa,Africa,https://standard.gm/,20220117
Somalia‚Äôs miracle men eye more history,random,Garowe Online,Somalia,East Africa,Africa,https://www.garoweonline.com/en,20220117
Rival groups clash at Murue coffee farmers‚Äô meeting,random,Daily Nation,Kenya,East Africa,Africa,https://nation.africa/kenya,20220117
‚ÄúDisgraceful And Embarrassing‚Äù‚Ä¶Deputy Speaker Described Colleagues‚Ä¶,random,The Inquirer,Liberia,West Africa,Africa,https://www.theinquirernewspaper.com/,20220117
"Addis Ababa City Admin Starts Building 5,000 Prefabricated Houses",random,Ethiopian Monitor,Ethiopia,East Africa,Africa,https://ethiopianmonitor.com/,20220117
Samuel Eto‚Äôo accused by Spanish authorities of tax evasion,random,Libyan Express,Libya,North Africa,MENA,https://www.libyanexpress.com/,20220120
Libya PM says billions stolen from Libyans by several countries,random,Libyan Express,Libya,North Africa,MENA,https://www.libyanexpress.com/,20220120
Most difficult exams in the world,random,Gulf News,UAE,Middle East,MENA,https://gulfnews.com/,20220120
Biden questions if US midterm elections will be 'legit',random,Saudi Gazette,Saudi Arabia,Middle East,MENA,https://saudigazette.com.sa/,20220120
Windhoek doctor arrested on wildlife charges,random,The Namibian,Namibia,South Africa,Africa,https://www.namibian.com.na/,20220124
"After 20 years of visits, ICRC calls for transfers of eligible Guantanamo detainees",random,Garowe Online,Somalia,East Africa,Africa,https://www.garoweonline.com/en,20220124
Flashflood: Banjul continues to face rising sea level threat,random,The Point,Gambia,West Africa,Africa,https://thepoint.gm/,20220124
Subscribe to eNation,random,The Nation,Malawi,East Africa,Africa,https://www.mwnation.com/,20220124
Biden‚Äôs Covid origins lab probe is politically motivated,random,Awoko Times,Sierra Leone,West Africa,Africa,https://awokonewspaper.sl/,20220124
"5G Network: No cause for alarm, Nigerian telecoms operators assure; US airlines call for delay in rollout near airports",random,Vanguard,Nigeria,West Africa,Africa,https://www.vanguardngr.com/,20220124
Djokovic leaving Australia after court dismisses deportation appeal,random,Libyan Express,Libya,North Africa,MENA,https://www.libyanexpress.com/,20220124
Five candidates announced for Libyan presidential contest,random,Libyan Express,Libya,North Africa,MENA,https://www.libyanexpress.com/,20220124
Khawaja frustrated by controversial Big Bash catch,random,Gulf News,UAE,Middle East,MENA,https://gulfnews.com/,20220124
"UAE deliver in style, Vietnam also through despite defeat",random,Saudi Gazette,Saudi Arabia,Middle East,MENA,https://saudigazette.com.sa/,20220124
"After raping and murdering a 22-month old, ex-MLB pitcher Sergio Mitre...",random,Mexico Daily Post,Mexico,North America,Latin America,https://mexicodailypost.com/,20220125
"AMLO proposes Campeche ex-governor, Carlos Miguel Aysa Gonz√°lez, as ambassador to the Dominican Republic",random,Mexico Daily Post,Mexico,North America,Latin America,https://mexicodailypost.com/,20220125
Bogot√° quarantine: Chapi under lockdown,random,The Bogot· Post,Colombia,South America,Latin America,https://thebogotapost.com/,20220125
Bogot√°‚Äôs Teatro Mayor closes 2021 opera season with Tosca,random,The City Paper Bogot·,Colombia,South America,Latin America,https://thecitypaperbogota.com/,20220125
"Pristimantis lojanus, a new from species discovered just outside of Loja",random,The Cuenca Dispatch,Ecuador,South America,Latin America,https://thecuencadispatch.com/,20220125
Departamento 50: Chile‚Äôs Nazi hunters,random,Chile Today,Chile,South America,Latin America,https://chiletoday.cl/,20220126
So long to 2021... and hi to 2022,random,Buenos Aires Times,Argentina,South America,Latin America,https://www.batimes.com.ar/,20220126
Norton elected APNU Chairman after Granger stands down 7 h ago,random,Stabroek News,Guyana,South America,Latin America,https://www.stabroeknews.com/,20220126
"Cuba defends trials of protesters as fair, rejects accusations  of rights violations 8 h ago",random,Stabroek News,Guyana,South America,Latin America,https://www.stabroeknews.com/,20220126
Shameful that Norton being denied post of Opposition Leader,random,Stabroek News,Guyana,South America,Latin America,https://www.stabroeknews.com/,20220126
Chile hires Lasarte as coach ahead of World Cup qualifiers,random,Santiago Times,Chile,South America,Latin America,https://santiagotimes.cl/,20220126
NASA Finds Organic Salts Are Likely Present on Mars,random,The Tripoli Post,Libya,North Africa,MENA,https://www.thetripolipost.org/,20220126
Judo: Moroccan Sarah Harachi Wins Gold at European Open,random,Morocco Times,Morocco,North Africa,MENA,https://moroccotimes.tv/category/morocco-news/,20220126
UK pumps $10 million towards draught response in Somalia,random,Garowe Online,Somalia,East Africa,Africa,https://www.garoweonline.com/en,20220127
"44-year-old man feared killed, three policemen shot as‚Ä¶",random,Nigerian Tribune,Nigeria,West Africa,Africa,https://tribuneonlineng.com/,20220127
NDC MP‚Äôs Evidence In French,random,Daily Guide,Ghana,West Africa,Africa,https://dailyguidenetwork.com/,20220127
FG revenue shortfall put at N1.9trn in 11 months,random,Vanguard,Nigeria,West Africa,Africa,https://www.vanguardngr.com/,20220127
Arsenal distances itself from Ozil comments on Uighurs' treatment,random,Garowe Online,Somalia,East Africa,Africa,https://www.garoweonline.com/en,20220127
Brazil‚Äôs Antarctic program turns 40,random,Rio Times,Brazil,South America,Latin America,https://www.riotimesonline.com/,20220128
"August 15,2021  | Hujjatullah Zia | opinion",random,The Daily Outlook Afghanistan,Afghanistan,South Asia,Asia,http://outlookafghanistan.net/,20220128
"Muttaqi in Iran to discuss political, economic issues",random,The Kabul Times,Afghanistan,South Asia,Asia,https://thekabultimes.gov.af/,20220128
Exclusive interview with French Ambassador to Kabul on‚Ä¶,random,The Kabul Times,Afghanistan,South Asia,Asia,https://thekabultimes.gov.af/,20220128
New Diamond and X-press Pearl incidents: Underhand  deals  spoiling compensation claims,random,Daily Mirror,Sri Lanka,South Asia,Asia,https://www.dailymirror.lk/,20220128
"IOM Provides 167 Nigerians return assistance			Libya",random,Libyan Express,Libya,North Africa,MENA,https://www.libyanexpress.com/,20220129
Green Economy: Finance Law 2022 measures to have positive impact on energy balance,random,Tunis Daily News,Tunisia,North Africa,MENA,https://tdailynews.net/,20220129
Dakhla to Launch First Edition of GWA Wing foil World Tour on November,random,Morocco Times,Morocco,North Africa,MENA,https://moroccotimes.tv/category/morocco-news/,20220129
"Stocks in Sydney and Tokyo gain, U.S. dollar drifts lower",random,Tajikistan News,Tajikistan,Central Asia,Asia,https://www.tajikistannews.net/,20220129
This Mexican food changes lives,random,Kyiv Post,Ukraine,Eastern Europe,Europe,https://www.kyivpost.com/,20220130
How open data improves Ukrainians‚Äô lives,random,Den,Ukraine,Eastern Europe,Europe,https://day.kyiv.ua/en/newspaper,20220130
Business and futuristic technologies: how to combine science with marketing,random,Den,Ukraine,Eastern Europe,Europe,https://day.kyiv.ua/en/newspaper,20220130
Covid-19: Enfermeiros do hospital do condado de Ventura denunciam o n√∫mero ‚Äúesmagador‚Äù de ataques card√≠acos e co√°gulos sangu√≠neos ocorrendo em indiv√≠duos totalmente vacinados,random,Rio Times,Brazil,South America,Latin America,https://www.riotimesonline.com/,20220130
Issues | LEARNING CURVE,random,Japan Times,Japan,East Asia,Asia,https://www.japantimes.co.jp/,20220131
Links to other country sites Îã§Î•∏ ÎÇòÎùº ÏÇ¨Ïù¥Ìä∏ ÎßÅÌÅ¨,random,The Hankyoreh,South Korea,East Asia,Asia,https://english.hani.co.kr/,20220131
Sealed off: Inside the closed loop at the Beijing Winter Olympics,random,Japan Today,Japan,East Asia,Asia,https://japantoday.com/,20220131
Four Kisumu aspirants back one against Nyong‚Äôo,random,Daily Nation,Kenya,East Africa,Africa,https://nation.africa/kenya,20220201
'Too much English' hinders Kenyans from watching TV,random,The Standard,Kenya,East Africa,Africa,https://www.standardmedia.co.ke/,20220201
JavaScript is disabled! Please enable JavaScript in your web browser!,random,The Standard,Kenya,East Africa,Africa,https://www.standardmedia.co.ke/,20220201
Covid-19: Dubai schools to ease some restrictions from Jan 31,random,Khaleej Times,UAE,Middle East,MENA,https://www.khaleejtimes.com/uae,20220201
‚ÄòIncredible‚Äô: Refugee girls  Join Africa football fiesta,random,Kuwait Times,Kuwait,Middle East,MENA,https://www.kuwaittimes.com/,20220201
Iran‚Äôs Shiraz city hosting migratory birds,random,Iran Front Page,Iran,Middle East,MENA,https://ifpnews.com/,20220201
"If JCPOA is revived, it will help end conflicts in West Asia: American expert",random,Tehran Times,Iran,Middle East,MENA,https://www.tehrantimes.com/,20220201
Dubai Police 999 hotline: Each officer handles up to 400 calls a day,random,Khaleej Times,UAE,Middle East,MENA,https://www.khaleejtimes.com/uae,20220201
"At up to $8,000/week, America‚Äôs travel nurses keep COVID-hit hospitals afloat",random,Kuwait Times,Kuwait,Middle East,MENA,https://www.kuwaittimes.com/,20220201
New UAE corporate tax: Top 10 questions answered,random,Khaleej Times,UAE,Middle East,MENA,https://www.khaleejtimes.com/uae,20220201
Man catches cricket ball dropped from nearly 400 feet for Guinness record,random,The Kabul Times,Afghanistan,South Asia,Asia,https://thekabultimes.gov.af/,20220201
Letter to Editor: Give Taiwan a voice at Model UN Conferences,random,Taiwan News,Taiwan,East Asia,Asia,https://www.taiwannews.com.tw/en/index,20220201
Domestic flights fully restored in Kazakhstan,random,Kazakhstan Today,Kazakhstan,Central Asia,Asia,https://www.kt.kz/eng,20220201
Barcelona beats Dynamo Kyiv 1-0: Home team fails to capitalize on Spanish giant‚Äôs ‚Ä¶,random,Kyiv Post,Ukraine,Eastern Europe,Europe,https://www.kyivpost.com/,20220201
In just a few days!,random,Den,Ukraine,Eastern Europe,Europe,https://day.kyiv.ua/en/newspaper,20220201
"'I Am the Prophet of the Apocalypse', Says Brazilian 1st Chess Grandmaster",random,Folha International,Brazil,South America,Latin America,https://www1.folha.uol.com.br/internacional/en/,20220202
Covid vaccination numbers still low despite advocacy,random,Daily Nation,Kenya,East Africa,Africa,https://nation.africa/kenya,20220203
Kindly click the button below to give us your feedback. Thank you!,random,The Standard,Kenya,East Africa,Africa,https://www.standardmedia.co.ke/,20220203
Juliani and Lillian Ng'ang'a tie knot in private ceremony,random,The Standard,Kenya,East Africa,Africa,https://www.standardmedia.co.ke/,20220203
Algerian FM: Reconciliation must evolve to end Libya‚Äôs conflicts,random,Libyan Express,Libya,North Africa,MENA,https://www.libyanexpress.com/,20220203
Handicraft / COVID-19: profit tax made in 2020 will be paid in five equal instalments,random,Tunis Daily News,Tunisia,North Africa,MENA,https://tdailynews.net/,20220203
Samsung Opens 3 New Stores in Meknes4 Tamara and Marrakech,random,Morocco Times,Morocco,North Africa,MENA,https://moroccotimes.tv/category/morocco-news/,20220203
Top Middle East News,random,Gulf News,UAE,Middle East,MENA,https://gulfnews.com/,20220203
Turmoil worries Peru as president again overhauls Cabinet,random,Taiwan News,Taiwan,East Asia,Asia,https://www.taiwannews.com.tw/en/index,20220204
ALMATY TRAGEDY | JANUARY 2022,random,Kazakhstan Today,Kazakhstan,Central Asia,Asia,https://www.kt.kz/eng,20220204
Ujjwal Bikram Thapa is not stopping anytime soon,random,Kathmandu Post,Nepal,South Asia,Asia,https://kathmandupost.com/,20220204
"Lincoln's Dilemma trailer: Jeffrey Wright, Leslie Odom Jr feature in this examination of Abraham Lincoln's rare side for Apple TV+",random,Hindustan Times,India,South Asia,Asia,https://www.hindustantimes.com/,20220204
Taiwan VP tests negative for COVID after meeting Belize premier in Honduras,random,Taiwan News,Taiwan,East Asia,Asia,https://www.taiwannews.com.tw/en/index,20220204
Editorial: Stop the sale,random,Kyiv Post,Ukraine,Eastern Europe,Europe,https://www.kyivpost.com/,20220204
Regional investment fund in medical technologies launched in Sfax,random,Tunis Daily News,Tunisia,North Africa,MENA,https://tdailynews.net/,20220204
2022 World Cup Qualifiers (Day 2/Update): Morocco Qualifies for Playoffs after Beating Guinea (4-1),random,Morocco Times,Morocco,North Africa,MENA,https://moroccotimes.tv/category/morocco-news/,20220204
"Covid in UAE: Now, no PCR test needed to get green status on Al Hosn app",random,Khaleej Times,UAE,Middle East,MENA,https://www.khaleejtimes.com/uae,20220204
Architecturally-stunning Assima Mall opens to public,random,Kuwait Times,Kuwait,Middle East,MENA,https://www.kuwaittimes.com/,20220204
Paulo Mendes da Rocha leaves behind incomparable legacy in Brazilian architecture,random,The Brazilian Report,Brazil,South America,Latin America,https://brazilian.report/,20220204
Retail Sales Growth Accelerates to 6.2% in December,random,Hungary Today,Hungary,Eastern Europe,Europe,https://hungarytoday.hu/,20220205
Why Should You Use Aluminum Bottles in your Business?,random,Prague Post,Czechia,Eastern Europe,Europe,https://www.praguepost.com/,20220205
Interview of the week,random,Total Croatia News,Croatia,Southern Europe,Europe,https://www.total-croatia-news.com/news,20220205
Greece Leads Opening Ceremony of Beijing Winter Olympic Games,random,Greek News,Greece,Southern Europe,Europe,https://greekreporter.com/greek-news/,20220205
Husband builds a rotating house so his wife can enjoy better views,random,Euro News (Bosnia and Herzegovina),Bosnia and Herzegovina,Southern Europe,Europe,https://www.euronews.com/tag/bosnia-and-herzegovina,20220205
"No coronavirus in Poland, but Krakow hospitals prepare",random,Krakow Post,Poland,Eastern Europe,Europe,http://www.krakowpost.com/,20220207
Striking a work-life balance: a female journalist's predicament,random,Antara News,Indonesia,Southeast Asia,Asia,https://en.antaranews.com/,20220207
AU calls for political solution to conflict in northern Ethiopia,random,Garowe Online,Somalia,East Africa,Africa,https://www.garoweonline.com/en,20220207
Capital markets powered by BSE,random,Romania Insider,Romania,Eastern Europe,Europe,https://www.romania-insider.com/,20220207
Government reopens coal exports,random,Antara News,Indonesia,Southeast Asia,Asia,https://en.antaranews.com/,20220207
"The Buzz: Fins, fungus and failing friends",random,The Bogot· Post,Colombia,South America,Latin America,https://thebogotapost.com/,20220207
Raila's jumbo coalition to be unveiled on 26th,random,The Star,Kenya,East Africa,Africa,https://www.the-star.co.ke/,20220207
Egypt sends medical aid to Tanzania,random,Ahram Online,Egypt,North Africa,MENA,https://english.ahram.org.eg/Portal/1/Egypt.aspx,20220207
The hunt for coronavirus variants: how the new one was  found and what we know so far,random,Botswana Gazette,Botswana,South Africa,Africa,https://www.thegazette.news/,20220207
Minister eyes 10% young leadership in SOEs by 2023,random,Antara News,Indonesia,Southeast Asia,Asia,https://en.antaranews.com/,20220207
Italy's Covid health pass,random,The Local (Italy),Italy,Southern Europe,Europe,https://www.thelocal.it/,20220207
"‚ÄòHe was a rare combination of dreamer and doer,‚Äô a touching tribute to late Steve Anderson",random,Santiago Times,Chile,South America,Latin America,https://santiagotimes.cl/,20220207
Commax introduces award-winning home security device,random,Gulf News,UAE,Middle East,MENA,https://gulfnews.com/,20220207
Traditional Guatemalan Elites Must Change Now. Here Is Where to Start.,random,El Faro,El Salvador,Central America,Latin America,https://elfaro.net/es/casos/ef_english,20220207
"Below 28,000 daily Covid-19 infections, 176 deaths, with‚Ä¶",random,The Romania Journal,Romania,Eastern Europe,Europe,https://www.romaniajournal.ro/,20220209
Japan aims for 1 million daily booster shots to stem infection wave,random,Japan Today,Japan,East Asia,Asia,https://japantoday.com/,20220209
Afghan Refugee Tells His Secret Story to Acclaimed Film ‚ÄòFlee‚Äô,random,Afghanistan Times,Afghanistan,South Asia,Asia,https://www.afghanistantimes.af/,20220209
Mount Anak Krakatau erupts nine times in one day,random,Antara News,Indonesia,Southeast Asia,Asia,https://en.antaranews.com/,20220209
Sebasti√°n Molano a prophet in his own land,random,The Bogot· Post,Colombia,South America,Latin America,https://thebogotapost.com/,20220209
"Covid-19: Ethiopia Records 315 as Recovery Tally Nears 400,000",random,Ethiopian Monitor,Ethiopia,East Africa,Africa,https://ethiopianmonitor.com/,20220209
"Egypt, South Korea sign armament deals, MoUs for military cooperation",random,Ahram Online,Egypt,North Africa,MENA,https://english.ahram.org.eg/Portal/1/Egypt.aspx,20220209
Sign Up to Our Newsletter,random,Botswana Gazette,Botswana,South Africa,Africa,https://www.thegazette.news/,20220209
Indonesia's budget deficit projected to approach four percent in 2022,random,Antara News,Indonesia,Southeast Asia,Asia,https://en.antaranews.com/,20220209
EXPLAINED: How to change your registered address in Italy,random,The Local (Italy),Italy,Southern Europe,Europe,https://www.thelocal.it/,20220209
Daza ensures that 70% of those over 80 have been vaccinated,random,Santiago Times,Chile,South America,Latin America,https://santiagotimes.cl/,20220209
Bogot√° reopening: What to expect if you‚Äôre going out for coffee,random,The Bogot· Post,Colombia,South America,Latin America,https://thebogotapost.com/,20220209
"Expo 2020 Dubai: Qatar Pavilion receives over 800,000 visitors",random,Khaleej Times,UAE,Middle East,MENA,https://www.khaleejtimes.com/uae,20220209
"10/01/2022Monday, 10 de January de 2022",random,El Faro,El Salvador,Central America,Latin America,https://elfaro.net/es/casos/ef_english,20220209
JCI Dhaka Prestige embarks on a mission to make history,random,The Bangladesh Today,Bangladesh,South Asia,Asia,https://thebangladeshtoday.com/,20220209
"Afghans concerned about worse economic situation, seeking assets unfrozen",random,The Kabul Times,Afghanistan,South Asia,Asia,https://thekabultimes.gov.af/,20220209
"Super ‚ÄúStrawberry moon‚Äù visible tonight, June 24",random,Keep Talking Greece,Greece,Southern Europe,Europe,https://www.keeptalkinggreece.com/,20220209
KitKat recall over broken glass affects Namibia,random,The Namibian,Namibia,South Africa,Africa,https://www.namibian.com.na/,20220209
1990 winner (from 1969) Larks on a String returns to Berlin,random,Radio Prague International,Czechia,Eastern Europe,Europe,https://english.radio.cz/,20220211
How can a foreigner buy property in Belarus?,random,Minsk Herald,Belarus,Eastern Europe,Europe,https://minskherald.com/,20220211
Making Zomba green again,random,The Nation,Malawi,East Africa,Africa,https://www.mwnation.com/,20220211
"Deloitte study: Consumer products companies aim to increase revenues in 2022. Inflation, supply chain struggles and labor shortages, the main...",random,Nine O' Clock,Romania,Eastern Europe,Europe,https://www.nineoclock.ro/,20220211
Taiwan Presidential Office confirms Tsai-Abe phone call in January,random,Taiwan News,Taiwan,East Asia,Asia,https://www.taiwannews.com.tw/en/index,20220211
Islamic Emirate seeks economic plans to counter crisis,random,Afghanistan Times,Afghanistan,South Asia,Asia,https://www.afghanistantimes.af/,20220211
Driving in Belarus: basic rules and information,random,Minsk Herald,Belarus,Eastern Europe,Europe,https://minskherald.com/,20220211
"Cuenca has the highest cost of goods, second highest inflation in the country",random,The Cuenca Dispatch,Ecuador,South America,Latin America,https://thecuencadispatch.com/,20220211
Ethiopia Registers 166 More Covid-19 Cases,random,Ethiopian Monitor,Ethiopia,East Africa,Africa,https://ethiopianmonitor.com/,20220211
"Int'l Maritime Exercise Cutlass Express 2022 kicks off, with Egyptian Navy participation",random,Ahram Online,Egypt,North Africa,MENA,https://english.ahram.org.eg/Portal/1/Egypt.aspx,20220211
New Taipei lights ‚Äògood-fortune lamps‚Äô for pets,random,Taiwan News,Taiwan,East Asia,Asia,https://www.taiwannews.com.tw/en/index,20220214
Rep. Michael Waltz: We can still save Afghanistan but we need bold leadership ‚Äì now,random,Afghanistan Times,Afghanistan,South Asia,Asia,https://www.afghanistantimes.af/,20220214
Temporary residence in the Republic of Belarus,random,Minsk Herald,Belarus,Eastern Europe,Europe,https://minskherald.com/,20220214
"A man was arrested for allegedly selling charapa turtles, a vulnerable species",random,The Cuenca Dispatch,Ecuador,South America,Latin America,https://thecuencadispatch.com/,20220214
Why drowning victims are buried in the beach in Lamu,random,The Star,Kenya,East Africa,Africa,https://www.the-star.co.ke/,20220214
Children with cancer latest victims of Lebanon‚Äôs economic crisis,random,Cedar News,Lebanon,Middle East,MENA,https://cedarnews.net/category/english/,20220214
BHC Profit grows by P12.8m,random,Botswana Gazette,Botswana,South Africa,Africa,https://www.thegazette.news/,20220214
"On Valentine's Day, Eleazar highlights patience as he shares his love story",random,Manila Bulletin,Phillipines,Southeast Asia,Asia,https://mb.com.ph/news/,20220214
Piano in Love | Athens | February 12,random,eKathimerini,Greece,Southern Europe,Europe,https://www.ekathimerini.com/,20220214
Bioceres Crop Solutions Corp¬†wants the government to approve large-scale production of its drought-tolerant soybeans even if China won‚Äôt give the green light.,random,Buenos Aires Times,Argentina,South America,Latin America,https://www.batimes.com.ar/,20220214
Ecuadorians‚Äô investment firm defrauded South America‚Äôs wealthy out of over $350 million,random,The Cuenca Dispatch,Ecuador,South America,Latin America,https://thecuencadispatch.com/,20220214
INS Revives the Bicentennial Forest in Guanacaste to Create Employment and Protect Biodiversity,random,The Costa Rica News,Costa Rica,Central America,Latin America,https://thecostaricanews.com/,20220214
GNOA withdraws from TU action: other TUs to continue strike,random,Daily Mirror,Sri Lanka,South Asia,Asia,https://www.dailymirror.lk/,20220214
Tyson Fury ‚Äòabsolutely ecstatic‚Äô after winning two Ring Magazine awards following epic...,random,The Kabul Times,Afghanistan,South Asia,Asia,https://thekabultimes.gov.af/,20220214
"ALBtelecom majority owner, Hungary‚Äôs¬†4iG signs deal to acquire mobile operator One",random,Tirana Times,Albania,Southern Europe,Europe,https://www.tiranatimes.com/,20220214
Mine worker arrested for alleged theft of equipment worth N$100 000,random,The Namibian,Namibia,South Africa,Africa,https://www.namibian.com.na/,20220214
Emirates Airline Will Improve Air Connectivity Through Codeshare Partners With Costa Rica,random,The Costa Rica News,Costa Rica,Central America,Latin America,https://thecostaricanews.com/,20220214
Women reggae artists in brace,random,The Nation,Malawi,East Africa,Africa,https://www.mwnation.com/,20220216
President Iohannis to attend dinner on Sahel in‚Ä¶,random,Nine O' Clock,Romania,Eastern Europe,Europe,https://www.nineoclock.ro/,20220216
"Putin says Russia is ready to discuss security measures with U.S., NATO",random,Japan Today,Japan,East Asia,Asia,https://japantoday.com/,20220216
"U.S. failed in Afghanistan, here is to know why?",random,Afghanistan Times,Afghanistan,South Asia,Asia,https://www.afghanistantimes.af/,20220216
Allvue Systems selected by Do Ventures to support investor communications,random,Antara News,Indonesia,Southeast Asia,Asia,https://en.antaranews.com/,20220216
Guzm√°n: Why they won‚Äôt stop protesting in Cauca,random,The Bogot· Post,Colombia,South America,Latin America,https://thebogotapost.com/,20220216
My Jobs In Kenya,random,The Star,Kenya,East Africa,Africa,https://www.the-star.co.ke/,20220216
Palestinians launch aid campaign for displaced Syrians in Idlib,random,Daily Sabah,Turkey,Middle East,MENA,https://www.dailysabah.com/politics,20220216
BDC Group Profit Down By Over P300M,random,Botswana Gazette,Botswana,South Africa,Africa,https://www.thegazette.news/,20220216
Legislator urges entrepreneurs to comply with restriction regulation,random,Antara News,Indonesia,Southeast Asia,Asia,https://en.antaranews.com/,20220216
Constitutional Court rejects euthanasia referendum,random,ANSA English,Italy,Southern Europe,Europe,https://www.ansa.it/english/news/general_news/general_news.shtml,20220216
"Two Mapuche dead, several injured, in Chilean south",random,Chile Today,Chile,South America,Latin America,https://chiletoday.cl/,20220216
Orange Alert: New coronavirus controls in parts of Bogot√°,random,The Bogot· Post,Colombia,South America,Latin America,https://thebogotapost.com/,20220216
Sheikh Mohamed bin Zayed receives President of Kenya,random,Khaleej Times,UAE,Middle East,MENA,https://www.khaleejtimes.com/uae,20220216
Belarus‚Äô Bolshoi Theater invites art lovers for festival in Nesvizh,random,Minsk Herald,Belarus,Eastern Europe,Europe,https://minskherald.com/,20220218
There is little time left to prevent the Amazon from reaching a ‚Äúcatastrophic tipping point‚Äù,random,The Cuenca Dispatch,Ecuador,South America,Latin America,https://thecuencadispatch.com/,20220218
President Macky Sall Becomes new AU Chairperson,random,Ethiopian Monitor,Ethiopia,East Africa,Africa,https://ethiopianmonitor.com/,20220218
A government employee died due to torture in a Syrian regime...,random,Syrian Network for Human Rights,Syria,Middle East,MENA,https://news.sn4hr.org/,20220218
MTN settles $8.1 billion Nigeria case,random,The Chronicle,Zimbabwe,East Africa,Africa,https://www.chronicle.co.zw/,20220218
"After meeting US diplomats, Pacquiao gets to tour modern American combat ship",random,Manila Bulletin,Phillipines,Southeast Asia,Asia,https://mb.com.ph/news/,20220218
Winter Solstice: The longest night of 2021; Pagan traditions & Christmas,random,Keep Talking Greece,Greece,Southern Europe,Europe,https://www.keeptalkinggreece.com/,20220218
"With inflation surging at a more than 50% annually, cryptocurrency exchange Lemon Cash plans to increase issuance of Bitcoin rewards cards this year.",random,Buenos Aires Times,Argentina,South America,Latin America,https://www.batimes.com.ar/,20220218
Customs reported that the services were resumed after infrastructure problems; Ecuapass is partially enabled,random,Ecuador Times,Ecuador,South America,Latin America,https://www.ecuadortimes.net/,20220218
"UAE: Police launch home safety campaign, offer tips to guard against theft",random,Khaleej Times,UAE,Middle East,MENA,https://www.khaleejtimes.com/uae,20220218
27% of Tourists Who Arrived in Costa Rica During 2021 By Air Entered Through the Liberia Airport,random,The Costa Rica News,Costa Rica,Central America,Latin America,https://thecostaricanews.com/,20220218
Easter Sunday carnage: Church to release its conclusions on commission reports,random,The Island,Sri Lanka,South Asia,Asia,https://island.lk/category/news/,20220218
Its time for no-trust motion: Maryam Nawaz,random,The News International,Pakistan,South Asia,Asia,https://www.thenews.com.pk/latest/category/national,20220218
A Story about Education and Solidarity,random,Albanian Daily News,Albania,Southern Europe,Europe,https://www.albaniandailynews.com/,20220218
"Ministry forks out N$2,9m due to stray elephants",random,The Namibian,Namibia,South Africa,Africa,https://www.namibian.com.na/,20220218
Costa Rica: The Ideal Destination for Adventure and Sports Tourism,random,The Costa Rica News,Costa Rica,Central America,Latin America,https://thecostaricanews.com/,20220218
Schengen and its link to corruption,random,Cyprus Mail,Cyprus,Southern Europe,Europe,https://cyprus-mail.com/,20220218
Chance to lay Ukraine issue to rest,random,The Citizen,Tanzania,East Africa,Africa,https://www.thecitizen.co.tz/,20220218
EP18: Actress Martha Issov√°,random,Radio Prague International,Czechia,Eastern Europe,Europe,https://english.radio.cz/,20220221
Hate math? CSC awardee made dreaded subject lovable for learners,random,Manila Bulletin,Phillipines,Southeast Asia,Asia,https://mb.com.ph/news/,20220221
Support our journalism with a contribution,random,Garowe Online,Somalia,East Africa,Africa,https://www.garoweonline.com/en,20220221
"Iohannis to attend informal European Council meeting, EU-African summit in Brussels",random,Nine O' Clock,Romania,Eastern Europe,Europe,https://www.nineoclock.ro/,20220221
COVID-hit OFWs in HK to get $200 cash aid each from OWWA ‚Äî Nograles,random,Manila Bulletin,Phillipines,Southeast Asia,Asia,https://mb.com.ph/news/,20220221
Bill on abortion for rape passes to the plenary session of the Assembly,random,The Cuenca Dispatch,Ecuador,South America,Latin America,https://thecuencadispatch.com/,20220221
"Raila calls Ruto Mr promise, moves to lock coastal turf",random,The Star,Kenya,East Africa,Africa,https://www.the-star.co.ke/,20220221
Can 2022 take Botswana‚Äôs Events Industry to the next Level?,random,Botswana Gazette,Botswana,South Africa,Africa,https://www.thegazette.news/,20220221
LRT-1 opens COVID vax site at Central Station,random,INQUIRER.net,Phillipines,Southeast Asia,Asia,https://newsinfo.inquirer.net/,20220221
Antitrust dawn-raid upsurge: An old visitor at your doorstep,random,eKathimerini,Greece,Southern Europe,Europe,https://www.ekathimerini.com/,20220221
Miguel √Ångel Pesce: ‚ÄòThe IMF agreement reduces uncertainty‚Äô,random,Buenos Aires Times,Argentina,South America,Latin America,https://www.batimes.com.ar/,20220221
Help us improve Romania Insider for you,random,Romania Insider,Romania,Eastern Europe,Europe,https://www.romania-insider.com/,20220223
North Korea orders expansion of trade with China following Supreme People‚Äôs...,random,Daily NK,North Korea,East Asia,Asia,https://www.dailynk.com/english/,20220223
Why Regional Countries Should Join the Afghan  National Consensus Against Taliban,random,The Daily Outlook Afghanistan,Afghanistan,South Asia,Asia,http://outlookafghanistan.net/,20220223
The myriad suggestions for Nagara Rimba Nusa,random,Antara News,Indonesia,Southeast Asia,Asia,https://en.antaranews.com/,20220223
"Bogot√° quarantine, Day 1: Keep sane and entertained",random,The Bogot· Post,Colombia,South America,Latin America,https://thebogotapost.com/,20220223
Egypt cares about security of Arab Gulf countries: President Sisi,random,Egypt Today,Egypt,North Africa,MENA,https://www.egypttoday.com/Section/News/1,20220223
Cricket youngsters set sights on Under-19 World Cup,random,Botswana Gazette,Botswana,South Africa,Africa,https://www.thegazette.news/,20220223
Over 3.2 mln taxpayers file tax return forms,random,Antara News,Indonesia,Southeast Asia,Asia,https://en.antaranews.com/,20220223
Berlusconi denies marriage plans,random,ANSA English,Italy,Southern Europe,Europe,https://www.ansa.it/english/news/general_news/general_news.shtml,20220223
Historic Center of Lima: What to do in February,random,Andina,Peru,South America,Latin America,https://andina.pe/ingles/,20220223
"La Cebolla: Colombia, land of the free",random,The Bogot· Post,Colombia,South America,Latin America,https://thebogotapost.com/,20220223
"8 best fitness trackers to get moving in UAE, for 2022",random,Gulf News,UAE,Middle East,MENA,https://gulfnews.com/,20220223
"25/10/2021Monday, 25 de October de 2021",random,El Faro,El Salvador,Central America,Latin America,https://elfaro.net/es/casos/ef_english,20220223
Technology to play key role in Bangladesh‚Äôs graduation: Japanese envoy,random,The Bangladesh Today,Bangladesh,South Asia,Asia,https://thebangladeshtoday.com/,20220223
Urgent Consultations  Underway About Conflict  Prevention: Ghani,random,The Daily Outlook Afghanistan,Afghanistan,South Asia,Asia,http://outlookafghanistan.net/,20220225
InLife and Insular Foundation extend assistance to Typhoon Odette-affected communities,random,INQUIRER.net,Phillipines,Southeast Asia,Asia,https://newsinfo.inquirer.net/,20220225
An anti-narcotics scan will be carried out on all Ecuadorian exports,random,The Cuenca Dispatch,Ecuador,South America,Latin America,https://thecuencadispatch.com/,20220225
HUSSEIN: Somalia faces a momentous presidential election,random,The Star,Kenya,East Africa,Africa,https://www.the-star.co.ke/,20220225
5 hidden exotic paradises of Turkey,random,H¸rriyet Daily News,Turkey,Middle East,MENA,https://www.hurriyetdailynews.com/,20220225
Non-working Directors Suffer WHT Not PAYE,random,Botswana Gazette,Botswana,South Africa,Africa,https://www.thegazette.news/,20220225
Former Uruguayan President finds Putin very much like Hitler,random,Merco Press Uruguay,Uruguay,South America,Latin America,https://en.mercopress.com/uruguay,20220225
I liked the purple the best,random,The Cuenca Dispatch,Ecuador,South America,Latin America,https://thecuencadispatch.com/,20220225
"Sharjah Safari opens: Ticket rates for walking tours, private guides announced",random,Khaleej Times,UAE,Middle East,MENA,https://www.khaleejtimes.com/uae,20220225
Look here the great topics of the moment,random,⁄ltimas Noticias,Venezuela,South America,Latin America,https://en.ultimasnoticias.com.ve/,20220225
An unauthorized open-air ‚Äòlibrary‚Äô on Dhaka University campus raises eyebrows,random,The Bangladesh Today,Bangladesh,South Asia,Asia,https://thebangladeshtoday.com/,20220225
"Bill Gates hails Pakistan‚Äôs innovation in controlling COVID-19, polio",random,The News International,Pakistan,South Asia,Asia,https://www.thenews.com.pk/latest/category/national,20220225
Kosovo decides today on sanctions against Russia,random,Kosova Press,Kosovo,Southern Europe,Europe,https://kosovapress.com/en/,20220225
ÔøºThe police and the Central Bank scandal. Ignore their press release,random,The Standard,Gambia,West Africa,Africa,https://standard.gm/,20220225
Spotlight | Disruption Ahead: Omicron & Travel Commotion in Mexico,random,Mexico Today,Mexico,North America,Latin America,https://mexicotoday.com/,20220225
Rose price spikes ahead of Valentine‚Äôs Day in Ho chi Minh City,random,Tuoi Tre News,Vietnam,Southeast Asia,Asia,https://tuoitrenews.vn/,20220225
EDITORIAL: A rigged election is more dangerous than none,random,Garowe Online,Somalia,East Africa,Africa,https://www.garoweonline.com/en,20220225
Global Initiative to Empower Eritrean Grassroots Movement (GI),random,Awate,Eritrea,East Africa,Africa,http://awate.com/,20220225
How Chinese-built railway is shaping integration in the Horn of Africa,random,Garowe Online,Somalia,East Africa,Africa,https://www.garoweonline.com/en,20220228
Polish consumer sentiment inches up in February: stats office,random,Polskie Radio,Poland,Eastern Europe,Europe,https://www.polskieradio.pl/395,20220228
"Task force created to probe into Infanta, Quezon reelectionist mayor's ambush",random,Manila Bulletin,Phillipines,Southeast Asia,Asia,https://mb.com.ph/news/,20220228
New fast-spreading subvariant of Omicron is ‚Äôcause for concern‚Äô and could rate its own Greek letter,random,Cuenca High Life,Ecuador,South America,Latin America,https://cuencahighlife.com/,20220228
"A look into Ruto, Raila's plan for the youth",random,The Star,Kenya,East Africa,Africa,https://www.the-star.co.ke/,20220228
Gov‚Äôt can‚Äôt afford to increase Intern Allowances ‚Äì Rakgare,random,Botswana Gazette,Botswana,South Africa,Africa,https://www.thegazette.news/,20220228
PNP: Health protocols vs COVID-19 will still be strictly enforced during Alert Level 1,random,INQUIRER.net,Phillipines,Southeast Asia,Asia,https://newsinfo.inquirer.net/,20220228
Rural real estate market: how much does a hectare of land...,random,Rio Times,Brazil,South America,Latin America,https://www.riotimesonline.com/,20220228
"In worst year for femicides, protocols not routinely followed",random,The Cuenca Dispatch,Ecuador,South America,Latin America,https://thecuencadispatch.com/,20220228
"√öN data: For people, inflation goes hand in hand with the dollar and speculation",random,⁄ltimas Noticias,Venezuela,South America,Latin America,https://en.ultimasnoticias.com.ve/,20220228
"Govt plans generating more 2,883 MW power in next 6 yrs",random,The Bangladesh Today,Bangladesh,South Asia,Asia,https://thebangladeshtoday.com/,20220228
One death and 81 new cases of COVID-19 in Kosovo,random,Kosova Press,Kosovo,Southern Europe,Europe,https://kosovapress.com/en/,20220228
ÔøºCBG TO CREATE A DEVELOPMENT BANK,random,The Standard,Gambia,West Africa,Africa,https://standard.gm/,20220228
"The Venezuelanalysis Podcast Episode 05: Campesinos, Class Struggle and the Land",random,Venezuelanalysis,Venezuela,South America,Latin America,https://venezuelanalysis.com/,20220228
The tennis star and the virus,random,EL PAÕS,Spain,Southern Europe,Europe,https://english.elpais.com/,20220302
Promateris posts a record revenue growth of 62%‚Ä¶,random,Nine O' Clock,Romania,Eastern Europe,Europe,https://www.nineoclock.ro/,20220302
"Nijel, Amantle can reign supreme again ‚Äì Dube",random,Botswana Gazette,Botswana,South Africa,Africa,https://www.thegazette.news/,20220302
Former PM Antall 30 Years Ago: Naive to Think Russia Gave Up on Central Europe,random,Hungary Today,Hungary,Eastern Europe,Europe,https://hungarytoday.hu/,20220302
"Vietnam‚Äôs single-day Covid tally hits new peak at 110,280",random,VnExpress,Vietnam,Southeast Asia,Asia,https://e.vnexpress.net/,20220302
"Sindh announces closure of schools, colleges on March 1",random,The News International,Pakistan,South Asia,Asia,https://www.thenews.com.pk/latest/category/national,20220302
Legal Committee of Chamber of Deputies votes Report‚Ä¶,random,Nine O' Clock,Romania,Eastern Europe,Europe,https://www.nineoclock.ro/,20220302
The Dolphins Are Disappearing but Mangroves Give Hope to New Life in Rio's Guanabara Bay,random,Folha International,Brazil,South America,Latin America,https://www1.folha.uol.com.br/internacional/en/,20220302
Chamber calls for balanced spending,random,The Nation,Malawi,East Africa,Africa,https://www.mwnation.com/,20220302
Bantaba ‚Äì Dr Ebrima Jagne,random,The Standard,Gambia,West Africa,Africa,https://standard.gm/,20220302
Simona Halep eliminated in the first round in Doha,random,The Romania Journal,Romania,Eastern Europe,Europe,https://www.romaniajournal.ro/,20220302
Zelensky says he will resume negotiations with Russia once its shelling has stopped 20:26 | 01.03.22,random,Republika English,North Macedonia,Southern Europe,Europe,https://english.republika.mk/,20220302
Urban Expo and Forum 2022: to be held at Tripoli Sports City from 20 to 23 March,random,Libya Herald,Libya,North Africa,MENA,https://www.libyaherald.com/,20220302
Social Media Marketing for Franchises is Meant for Women,random,Buenos Aires Herald,Argentina,South America,Latin America,https://buenosairesherald.com/,20220302
Spanish language: Do you know your eggs?,random,The Bogot· Post,Colombia,South America,Latin America,https://thebogotapost.com/,20220302
"US Defense Secretary: ‚Äú5G networks, industry and aid, China and Russia exploit the virus to have more power in Italy‚Äù",random,La Stampa,Italy,Southern Europe,Europe,https://www.lastampa.it/esteri/la-stampa-in-english/,20220304
Human error likely cause of nationwide blackout; Taipower executives offer to resign,random,Focus Taiwan,Taiwan,East Asia,Asia,https://focustaiwan.tw/,20220304
Bollywood stars at Jai Anmol Ambani's wedding,random,Gulf News,UAE,Middle East,MENA,https://gulfnews.com/,20220304
ST CloseUp: Becoming an influencer in 30 days,random,The Straits Times,Singapore,Southeast Asia,Asia,https://www.straitstimes.com/singapore,20220304
Egis favipiravir drug licenced for Covid-19 treatment,random,Budapest Times,Hungary,Eastern Europe,Europe,https://www.budapesttimes.hu/,20220304
Elizabeth Bandason: Shaping the future of farming with science,random,The Nation,Malawi,East Africa,Africa,https://www.mwnation.com/,20220304
Czech female amateur cyclist beats the pros,random,Prague Monitor,Czechia,Eastern Europe,Europe,https://praguemonitor.com/,20220304
TAIPEI (Taiwan News) ‚Äî The number of passengers flying to and from Taiwan ...,random,Taiwan News,Taiwan,East Asia,Asia,https://www.taiwannews.com.tw/en/index,20220304
"Eying more U.S.‚Äôs financial eases, IEA ensures‚Ä¶",random,The Kabul Times,Afghanistan,South Asia,Asia,https://thekabultimes.gov.af/,20220304
"Zelensky discusses situation at Zaporizhzhia NPP with Trudeau, Freeland",random,Ukrinform,Ukraine,Eastern Europe,Europe,https://www.ukrinform.net/block-lastnews,20220304
Peru: Business capacity limits no longer required,random,Andina,Peru,South America,Latin America,https://andina.pe/ingles/,20220304
"Covid: Pandemic Triggers 25% Rise in Anxiety & Depression, Globally",random,Ethiopian Monitor,Ethiopia,East Africa,Africa,https://ethiopianmonitor.com/,20220304
Bryce Harper jokes about playing in Taiwan amid MLB lockout,random,Taiwan News,Taiwan,East Asia,Asia,https://www.taiwannews.com.tw/en/index,20220307
Russia-Ukraine turmoil triggers market stress,random,Gulf News,UAE,Middle East,MENA,https://gulfnews.com/,20220307
"Over RM120mil lost to scams in Johor so far this year, say police",random,The Star,Malaysia,Southeast Asia,Asia,https://www.thestar.com.my/,20220307
Ko≈°ice steelworks to invest more than ‚Ç¨1 billion into modernisation,random,The Slovak Spectator,Slovakia,Eastern Europe,Europe,https://spectator.sme.sk/,20220307
"Carefully study next steps on suspension of fuel excise tax, Villanueva tells gov‚Äôt",random,INQUIRER.net,Phillipines,Southeast Asia,Asia,https://newsinfo.inquirer.net/,20220307
Bullets reveal Charity Shield boycott threat,random,The Nation,Malawi,East Africa,Africa,https://www.mwnation.com/,20220307
US state secretary visits Poland,random,Polskie Radio,Poland,Eastern Europe,Europe,https://www.polskieradio.pl/395,20220307
North Korea Market Trends,random,Daily NK,North Korea,East Asia,Asia,https://www.dailynk.com/english/,20220307
HRW Concerned By Censorship of Afghan Media,random,Afghanistan Times,Afghanistan,South Asia,Asia,https://www.afghanistantimes.af/,20220307
More than 200 Zambales schools resume in-person classes,random,INQUIRER.net,Phillipines,Southeast Asia,Asia,https://newsinfo.inquirer.net/,20220307
"Quito drinks from its wetlands, perhaps too much",random,The Cuenca Dispatch,Ecuador,South America,Latin America,https://thecuencadispatch.com/,20220307
"Ethiopia to Open Embassy in Pakistan, Eyes Strong Economic Ties",random,Ethiopian Monitor,Ethiopia,East Africa,Africa,https://ethiopianmonitor.com/,20220307
Star swimmer to sit out of SEA Games 31,random,VnExpress,Vietnam,Southeast Asia,Asia,https://e.vnexpress.net/,20220309
"Majlisi Milli (Tajikistanís upper chamber of parliament) Speaker Rustam Emomali, who",random,Asia Plus,Tajikistan,Central Asia,Asia,https://asiaplustj.info/en,20220309
UN Chief Calls on  Taliban to Immediately Halt Offensive,random,The Daily Outlook Afghanistan,Afghanistan,South Asia,Asia,http://outlookafghanistan.net/,20220309
UK: We shall recognize Somaliland with conditions,random,Garowe Online,Somalia,East Africa,Africa,https://www.garoweonline.com/en,20220309
U.S. appoints two women to top posts for Afghanistan,random,Afghanistan Times,Afghanistan,South Asia,Asia,https://www.afghanistantimes.af/,20220309
"Spotlight: what are the differences between a cold, flu, and Coronavirus?",random,Spain in English,Spain,Southern Europe,Europe,https://www.spainenglish.com/,20220309
Orb√°n: New EU migration pact could force Hungary to welcome migrants,random,Budapest Times,Hungary,Eastern Europe,Europe,https://www.budapesttimes.hu/,20220311
Ukraine did not develop any weapons of mass destruction - president,random,Ukrinform,Ukraine,Eastern Europe,Europe,https://www.ukrinform.net/block-lastnews,20220311
"Karolina Pliskova, Camilia Giorgi advance to Montreal final",random,Prague Monitor,Czechia,Eastern Europe,Europe,https://praguemonitor.com/,20220311
Canada‚Äôs economy seen growing in January after strong‚Ä¶,random,The Kabul Times,Afghanistan,South Asia,Asia,https://thekabultimes.gov.af/,20220311
The foreign policy lesson Chile can draw‚Ä¶,random,Chile Today,Chile,South America,Latin America,https://chiletoday.cl/,20220311
There is nothing personal between Sonko and me ‚Äî Kananu,random,The Star,Kenya,East Africa,Africa,https://www.the-star.co.ke/,20220311
Ministry floats tender for sewage pipeline replacement,random,Jordan News,Jordan,Middle East,MENA,https://www.jordannews.jo/Category/1/National,20220311
INFLUENCER SPOT WITH HEY NYENAAA,random,Botswana Gazette,Botswana,South Africa,Africa,https://www.thegazette.news/,20220311
Castle Hill and ski resort: 5 reasons to visit Mozyr,random,Minsk Herald,Belarus,Eastern Europe,Europe,https://minskherald.com/,20220311
Inside Infectious Diseases Hospital amid Coronavirus Outbreak,random,Albanian Daily News,Albania,Southern Europe,Europe,https://www.albaniandailynews.com/,20220311
Bolsonaro Minister Offers Hotline to Anti-Vaccination People who Experience Discrimination,random,Folha International,Brazil,South America,Latin America,https://www1.folha.uol.com.br/internacional/en/,20220311
The Green Rush Special: SA's cannabis opportunity,random,Mail & Guardian,South Africa,South Africa,Africa,https://mg.co.za/,20220314
Poor preps halted our progress ‚Äì Motshegare,random,Botswana Gazette,Botswana,South Africa,Africa,https://www.thegazette.news/,20220314
Zambia‚Äôs Former President Banda Dies at 85,random,Ethiopian Monitor,Ethiopia,East Africa,Africa,https://ethiopianmonitor.com/,20220314
"Edible oil‚Äôs VAT at production, trading stages waived",random,The Daily Star,Bangladesh,South Asia,Asia,https://www.thedailystar.net/english,20220314
Commission resumes debate on ‚Äòabortion in case of rape‚Äô in Ecuador,random,The Cuenca Dispatch,Ecuador,South America,Latin America,https://thecuencadispatch.com/,20220314
Some Of The Reasons Two Piece Set Is In Trend,random,The Rwandan,Rwanda,East Africa,Africa,https://www.therwandan.com/,20220314
Composting toilet is alternative solution for clean water crisis: BRIN,random,Antara News,Indonesia,Southeast Asia,Asia,https://en.antaranews.com/,20220314
The Value of a Volcano,random,El Faro,El Salvador,Central America,Latin America,https://elfaro.net/es/casos/ef_english,20220314
Intra-Rwandan dialogue is crucial for peace in the Great Lakes,random,The Rwandan,Rwanda,East Africa,Africa,https://www.therwandan.com/,20220314
Iran says US has to make decision on reviving nuclear deal,random,The Jerusalem Post,Israel,Middle East,MENA,https://www.jpost.com/,20220314
Various Job Vacancies at Industrial Company,random,Arab Times,Kuwait,Middle East,MENA,http://www.arabtimesonline.com/news/#,20220314
"Europe's week: COVID pass, Schengen, Hungary and corruption fight",random,Euro News (Slovenia),Slovenia,Southern Europe,Europe,https://www.euronews.com/tag/slovenia,20220316
Turkmen Special Services Pursue Green Card Applicants,random,Turkmen.news,Turkmenistan,Central Asia,Asia,https://en.turkmen.news/,20220316
"'To free yourself from mental afflictions, you have to study your mind'",random,Kathmandu Post,Nepal,South Asia,Asia,https://kathmandupost.com/,20220316
Health insurance now required for many Colombian visa applications,random,The Bogot· Post,Colombia,South America,Latin America,https://thebogotapost.com/,20220316
"Turkey important country for EU, bloc's official says",random,Daily Sabah,Turkey,Middle East,MENA,https://www.dailysabah.com/politics,20220316
Life-long education is the answer to the lack of a skilled labour force,random,The Slovak Spectator,Slovakia,Eastern Europe,Europe,https://spectator.sme.sk/,20220316
AIIB President: We are glad to cooperate with Uzbekistan,random,UzDaily.com,Uzbekistan,Central Asia,Asia,https://www.uzdaily.uz/en,20220316
US law bans ‚Äòinaccurate‚Äô Taiwan maps,random,Taipei Times,Taiwan,East Asia,Asia,https://www.taipeitimes.com/News/taiwan,20220316
Finance Minister Rogelio Ramirez De la O attends LatinFinance Summit in...,random,Mexico Daily Post,Mexico,North America,Latin America,https://mexicodailypost.com/,20220316
"Lecturers, rectorate agree to settle SBM ITB autonomy dispute",random,The Jakarta Post,Indonesia,Southeast Asia,Asia,https://www.thejakartapost.com/indonesia,20220316
King meets German president in Berlin,random,Jordan News,Jordan,Middle East,MENA,https://www.jordannews.jo/Category/1/National,20220316
Rainfall expected across many areas of Egypt this week,random,Ahram Online,Egypt,North Africa,MENA,https://english.ahram.org.eg/Portal/1/Egypt.aspx,20220318
Ukraine to Call on Russia To Be Banned from Paralympic Games,random,Kyiv Post,Ukraine,Eastern Europe,Europe,https://www.kyivpost.com/,20220318
Guzm√°n: The opposition will be defeated if it doesn‚Äôt unite,random,The Bogot· Post,Colombia,South America,Latin America,https://thebogotapost.com/,20220318
Group loyal to Haftar and in support of PM-designate threatens to blockade Libya‚Äôs oil,random,The Libya Observer,Libya,North Africa,MENA,https://www.libyaobserver.ly/,20220318
Presentador de programa de TCS demandado por su expareja,random,Diario 1,El Salvador,Central America,Latin America,http://diario1.com/,20220318
Marine  Vanguard Lands in Kabul as  US Speeds Up  Evacuations,random,The Daily Outlook Afghanistan,Afghanistan,South Asia,Asia,http://outlookafghanistan.net/,20220321
Are you happy to accept cookies?,random,Garowe Online,Somalia,East Africa,Africa,https://www.garoweonline.com/en,20220321
"Karzai Congratulates Year-1401 for Afghans, Calling on Parents to Send Children to Schools",random,Afghanistan Times,Afghanistan,South Asia,Asia,https://www.afghanistantimes.af/,20220321
Is your cholesterol level a death sentence? Avoid the marketing gimmicks,random,EL PAÕS,Spain,Southern Europe,Europe,https://english.elpais.com/,20220321
Taiwan's crypto exchange MaiCoin mulls Nasdaq listing,random,Taiwan News,Taiwan,East Asia,Asia,https://www.taiwannews.com.tw/en/index,20220321
MPs urge federal govt to place ketum under Dangerous Drugs Act,random,Malay Mail,Malaysia,Southeast Asia,Asia,https://www.malaymail.com/news/malaysia,20220321
How the Czech Republic deals with online casinos compared to the U.S.,random,Prague Post,Czechia,Eastern Europe,Europe,https://www.praguepost.com/,20220321
"Process of appointing the city manager is above board, says eThekwini mayor",random,IOL Daily News,South Africa,South Africa,Africa,https://www.iol.co.za/dailynews,20220323
Clash between vested powers and tradition,random,Daily Mirror,Sri Lanka,South Asia,Asia,https://www.dailymirror.lk/,20220323
Dismantling democracy is antithetical to bitcoin,random,El Faro,El Salvador,Central America,Latin America,https://elfaro.net/es/casos/ef_english,20220323
"August 14,2021  | National",random,The Daily Outlook Afghanistan,Afghanistan,South Asia,Asia,http://outlookafghanistan.net/,20220323
Plastic pollution cuts power in DRC - VIDEO,random,Daily Nation,Kenya,East Africa,Africa,https://nation.africa/kenya,20220323
Hinds promises better-secured prison facilities,random,Newsday,Trinidad and Tobago,Caribbean,Latin America,https://newsday.co.tt/,20220323
Former CIA chief: Russia 'surprisingly unprofessional',random,Tajikistan News,Tajikistan,Central Asia,Asia,https://www.tajikistannews.net/,20220323
"AT News KABUL: MTN, an Afghan private telecommunication company is rebranding to reflect its evoluti‚Ä¶",random,Afghanistan Times,Afghanistan,South Asia,Asia,https://www.afghanistantimes.af/,20220328
‚ÄòNot just extra paperwork‚Äô: What it‚Äôs like moving to Italy after Brexit,random,The Local (Italy),Italy,Southern Europe,Europe,https://www.thelocal.it/,20220328
Taiwan mixed doubles pair reach quarterfinals at WTT Doha tournament,random,Focus Taiwan,Taiwan,East Asia,Asia,https://focustaiwan.tw/,20220328
"Sharjah resident wins Dh18,000 cash prize after shedding 36kg in weight loss challenge",random,Khaleej Times,UAE,Middle East,MENA,https://www.khaleejtimes.com/uae,20220328
"Interactive: Fancy a dunk in the longkang, kids?",random,The Straits Times,Singapore,Southeast Asia,Asia,https://www.straitstimes.com/singapore,20220328
PM Candidate M√°rki-Zay Calls on Christians Not to Vote for Fidesz,random,Hungary Today,Hungary,Eastern Europe,Europe,https://hungarytoday.hu/,20220328
Oscars holds moment of silence for Ukraine,random,Kyiv Post,Ukraine,Eastern Europe,Europe,https://www.kyivpost.com/,20220328
FDH Bank netball deal ends without throw-off,random,The Nation,Malawi,East Africa,Africa,https://www.mwnation.com/,20220328
"Angelina Jolie gives shout-out to Afghan Film ‚ÄòHava, Maryam, Ayesha‚Äô",random,Afghanistan Times,Afghanistan,South Asia,Asia,https://www.afghanistantimes.af/,20220330
"Somalia: Four killed, seven injured in Bossaso explosion",random,Garowe Online,Somalia,East Africa,Africa,https://www.garoweonline.com/en,20220330
Former Afghan president Hamid Karzai slams Pakistani ‚Äòpropaganda‚Äô on Afghanistan,random,Afghanistan Times,Afghanistan,South Asia,Asia,https://www.afghanistantimes.af/,20220330
TRAVEL: Unvaccinated non-EU tourists still can‚Äôt visit Spain in April,random,The Local (Spain),Spain,Southern Europe,Europe,https://www.thelocal.es/category/spain-news/,20220330
COVID-19: Local infections highest since June last year,random,Taipei Times,Taiwan,East Asia,Asia,https://www.taipeitimes.com/News/taiwan,20220330
Foo Fighters cancels tour events after death of Hawkins,random,Gulf News,UAE,Middle East,MENA,https://gulfnews.com/,20220330
How scammers are buying bank accounts of youth for misuse,random,The Straits Times,Singapore,Southeast Asia,Asia,https://www.straitstimes.com/singapore,20220330
Wandering sculptures go on tour,random,The Slovak Spectator,Slovakia,Eastern Europe,Europe,https://spectator.sme.sk/,20220330
Siam Makro to add two stores Cambodia,random,Khmer Times,Cambodia,Southeast Asia,Asia,https://www.khmertimeskh.com/,20220404
‚ÄòMedia outlets should not be penalized for professional misconduct‚Äô,random,The UB Post,Mongolia,East Asia,Asia,https://theubposts.com/,20220404
Comfort food from a comfy shack,random,Phnom Penh Post,Cambodia,Southeast Asia,Asia,https://www.phnompenhpost.com/,20220406
Hokim of¬†Uchtepa district appointed,random,Gazeta.u,Uzbekistan,Central Asia,Asia,https://www.gazeta.uz/en/,20220406
"August 03,2021  by",random,The Daily Outlook Afghanistan,Afghanistan,South Asia,Asia,http://outlookafghanistan.net/,20220406
SANITARY PADS: Organisation comes to the rescue of women living ...,random,The Chronicle,Zimbabwe,East Africa,Africa,https://www.chronicle.co.zw/,20220406
Senators Hope to Wrap Up Draft of  Infrastructure Bill Sunday,random,The Daily Outlook Afghanistan,Afghanistan,South Asia,Asia,http://outlookafghanistan.net/,20220406
Iannis Xenakis Tribute | Athens | April 10,random,eKathimerini,Greece,Southern Europe,Europe,https://www.ekathimerini.com/,20220406
LASUED VC seeks lasting solutions to sickle cell disorder,random,The Punch,Nigeria,West Africa,Africa,https://punchng.com/,20220412
"Deputy Speakers, police chief meet student protesters, hear demands",random,Antara News,Indonesia,Southeast Asia,Asia,https://en.antaranews.com/,20220412
US Congress members visit a breakaway region in Somalia,random,Garowe Online,Somalia,East Africa,Africa,https://www.garoweonline.com/en,20220412
6 Traditional Desserts of Costa Rican Cuisine,random,The Costa Rica News,Costa Rica,Central America,Latin America,https://thecostaricanews.com/,20220412
Take delight in Banana Island Resort Doha‚Äôs Ramadan offers,random,Qatar Tribune,Qatar,Middle East,MENA,https://www.qatar-tribune.com/,20220412
Is Reading a Punishment?,random,Ambergris Today,Belize,Central America,Latin America,https://www.ambergristoday.com/,20220412
Karzai condemns Imran Khan‚Äôs ‚Äòdivisive‚Äô remarks,random,Afghanistan Times,Afghanistan,South Asia,Asia,https://www.afghanistantimes.af/,20220415
Inflation hits fresh high in March,random,eKathimerini,Greece,Southern Europe,Europe,https://www.ekathimerini.com/,20220415
Program expanded to people with hearing problem,random,Taipei Times,Taiwan,East Asia,Asia,https://www.taipeitimes.com/News/taiwan,20220415
"Thailand's paradise-on-earth Maya Bay reopens, no more over-tourism",random,The Straits Times,Singapore,Southeast Asia,Asia,https://www.straitstimes.com/singapore,20220415
KSH: February construction output growth near three-year high,random,Budapest Times,Hungary,Eastern Europe,Europe,https://www.budapesttimes.hu/,20220415
A New European Dunkirk,random,Kyiv Post,Ukraine,Eastern Europe,Europe,https://www.kyivpost.com/,20220415
Mombasa politician Mwatsahu narrates shooting experience,random,The Star,Kenya,East Africa,Africa,https://www.the-star.co.ke/,20220415
How Black Female Entrepreneurs Can Achieve Startup Success in 2022,random,Prague Monitor,Czechia,Eastern Europe,Europe,https://praguemonitor.com/,20220415
UN Chief Calls For Independent Probe into Mass Graves In Kyiv Suburb,random,Kyiv Post,Ukraine,Eastern Europe,Europe,https://www.kyivpost.com/,20220415
Media Watchdogs Call for Formation of Media Violation Commission,random,Afghanistan Times,Afghanistan,South Asia,Asia,https://www.afghanistantimes.af/,20220422
1m Malawians fully vaccinated against Covid,random,The Nation,Malawi,East Africa,Africa,https://www.mwnation.com/,20220422
96% of brands in Nigeria leverage social media ‚ÄîReport,random,Vanguard,Nigeria,West Africa,Africa,https://www.vanguardngr.com/,20220422
The Greek element at Cannes,random,eKathimerini,Greece,Southern Europe,Europe,https://www.ekathimerini.com/,20220422
CECC updates rules for COVID-19 hospitalization,random,Taipei Times,Taiwan,East Asia,Asia,https://www.taipeitimes.com/News/taiwan,20220422
In sickness and in health: MP Baey Yam Keng and his wife on battling cancer and effects of stroke,random,The Straits Times,Singapore,Southeast Asia,Asia,https://www.straitstimes.com/singapore,20220422
‚ÄúThe work of a lifetime is gone‚Äù ‚Äì the heartbreaking story of a Hungarian figure skater,random,Daily News Hungary,Hungary,Eastern Europe,Europe,https://dailynewshungary.com/,20220422
Living a life of lies comes at a cost,random,The Star,Kenya,East Africa,Africa,https://www.the-star.co.ke/,20220422
Cartoon: Ministry of (dis)Information,random,Vanguard,Nigeria,West Africa,Africa,https://www.vanguardngr.com/,20220425
One billion doses of vaccine for poor Countries,random,La Stampa,Italy,Southern Europe,Europe,https://www.lastampa.it/esteri/la-stampa-in-english/,20220425
TAIPEI (Taiwan News) ‚Äî A Ministry of Culture-sponsored art exchange progra...,random,Taiwan News,Taiwan,East Asia,Asia,https://www.taiwannews.com.tw/en/index,20220425
UAE: Hiring a domestic worker? Here are 3 packages you can opt for,random,Khaleej Times,UAE,Middle East,MENA,https://www.khaleejtimes.com/uae,20220425
Shariah court sentences Petaling Jaya MP Maria Chin to one week jail for ‚Äòinsulting‚Äô Islamic judicial system,random,Malay Mail,Malaysia,Southeast Asia,Asia,https://www.malaymail.com/news/malaysia,20220425
Speed Skater Shaoang Liu Wins Four Gold Medals at World Championships,random,Hungary Today,Hungary,Eastern Europe,Europe,https://hungarytoday.hu/,20220425
Belarus and China: Commerce Before Politics,random,Minsk Herald,Belarus,Eastern Europe,Europe,https://minskherald.com/,20220425
NSE lost Sh176 billion in Q1 on investor flight,random,The Star,Kenya,East Africa,Africa,https://www.the-star.co.ke/,20220425
"Fiction: ‚ÄúI Came, I Saw, I Ate Obwarzanki‚Äù: The Roman Origins of Krakow",random,Krakow Post,Poland,Eastern Europe,Europe,http://www.krakowpost.com/,20220425
"Beautiful school environment means nothing without quality teachers¬† ‚Äî Ajiboye, TRCN boss",random,Vanguard,Nigeria,West Africa,Africa,https://www.vanguardngr.com/,20220430
More action needed in tackling climate change,random,The Nation,Malawi,East Africa,Africa,https://www.mwnation.com/,20220430
"Cartoon: Pastor sees cliff, Baba sees‚Ä¶",random,Vanguard,Nigeria,West Africa,Africa,https://www.vanguardngr.com/,20220430
Independent journalism in Russia after the fall the free press,random,Meduza,Russia,Eastern Europe,Europe,https://meduza.io/en,20220430
Photo of the Day: Ukrainian and Taiwanese cats team up,random,Taiwan News,Taiwan,East Asia,Asia,https://www.taiwannews.com.tw/en/index,20220430
Turkish developer Atis Yapi showcases investment opportunities to Qatari investors,random,The Peninsula,Qatar,Middle East,MENA,https://thepeninsulaqatar.com/category/Middle-East,20220430
"Sungai Semenyih Water Treatment Plant resumes operation, supply expected to return May 1",random,Malay Mail,Malaysia,Southeast Asia,Asia,https://www.malaymail.com/news/malaysia,20220430
Tuƒçkov√°‚Äôs biggest novel gets English publication as The Last Goddess,random,Radio Prague International,Czechia,Eastern Europe,Europe,https://english.radio.cz/,20220430
Bataan mayor faces rap over opponent‚Äôs ‚Äòstolen‚Äô campaign material,random,INQUIRER.net,Phillipines,Southeast Asia,Asia,https://newsinfo.inquirer.net/,20220430
Confusion Ensues as Thailand Opens Land Borders But Laos Remains Closed,random,Laotian Times,Laos,Southeast Asia,Asia,https://laotiantimes.com/,20220505
Pavilion of Uzbekistan Dixit Algorizmi - The Garden of Knowledge presented in Venice,random,UzDaily.com,Uzbekistan,Central Asia,Asia,https://www.uzdaily.uz/en,20220505
French President Boycotts UN  Conference on Racism over ‚ÄòHistory of Anti-Semitic Remarks‚Äô,random,The Daily Outlook Afghanistan,Afghanistan,South Asia,Asia,http://outlookafghanistan.net/,20220505
"How Russia, China, and Iran will shape  Afghanistan‚Äôs future",random,The Daily Outlook Afghanistan,Afghanistan,South Asia,Asia,http://outlookafghanistan.net/,20220508
Ntam unveils new theatre festival,random,The Nation,Malawi,East Africa,Africa,https://www.mwnation.com/,20220508
"They claim Buhari has done nothing, UN scribe, Antonio Gutteres, says no by Femi Adesina",random,Vanguard,Nigeria,West Africa,Africa,https://www.vanguardngr.com/,20220508
"The Pandemic as a Chance: ‚ÄúWe have deaths, Yes, but we saved tourism,‚Äù says Greek PM Mitsotakis",random,Keep Talking Greece,Greece,Southern Europe,Europe,https://www.keeptalkinggreece.com/,20220508
Fans celebrate Star Wars Day in Taiwan,random,Focus Taiwan,Taiwan,East Asia,Asia,https://focustaiwan.tw/,20220508
Five arrested for trying to sell infant orangutan,random,The Jakarta Post,Indonesia,Southeast Asia,Asia,https://www.thejakartapost.com/indonesia,20220508
‚ÄòAt least a few rubles‚Äô Public-sector employees in Russia urged to donate to murky ‚Äòfundraisers‚Äô for Ukrainian refugees,random,Meduza,Russia,Eastern Europe,Europe,https://meduza.io/en,20220508
Jill Biden visits Romania and Slovakia,random,The Romania Journal,Romania,Eastern Europe,Europe,https://www.romaniajournal.ro/,20220508
UEFA to scrap club coefficient plan for new Champions League,random,Vanguard,Nigeria,West Africa,Africa,https://www.vanguardngr.com/,20220511
Gates: ‚ÄúBillions of vaccines in a year to beat Covid-19‚Äù,random,La Stampa,Italy,Southern Europe,Europe,https://www.lastampa.it/esteri/la-stampa-in-english/,20220511
Delayed child shots to arrive on Monday,random,Taipei Times,Taiwan,East Asia,Asia,https://www.taipeitimes.com/News/taiwan,20220511
Abu Dhabi: Al Bateen Executive Airport to close for two months,random,Khaleej Times,UAE,Middle East,MENA,https://www.khaleejtimes.com/uae,20220511
Last 2 paediatric Covid-19 vaccination centres in Singapore to close on June 30,random,The Straits Times,Singapore,Southeast Asia,Asia,https://www.straitstimes.com/singapore,20220511
National Museum Opens Micro-Folie Digital Mobile Museum Exhibition in Central Budapest,random,Hungary Today,Hungary,Eastern Europe,Europe,https://hungarytoday.hu/,20220511
Integration of Belarus and Russia: what has been done during 4 months,random,Minsk Herald,Belarus,Eastern Europe,Europe,https://minskherald.com/,20220511
Halsey: 'I've been sick for most of my adult life',random,The Star,Kenya,East Africa,Africa,https://www.the-star.co.ke/,20220511
Eat‚Äôn‚Äôdoughnate 2020: Eataway bakes for a good cause,random,Krakow Post,Poland,Eastern Europe,Europe,http://www.krakowpost.com/,20220511
Top Middle East News,random,Gulf News,UAE,Middle East,MENA,https://gulfnews.com/,20220513
"Bogot√° quarantine, Day 1: Keep sane and entertained",random,The Bogot· Post,Colombia,South America,Latin America,https://thebogotapost.com/,20220513
"Biden considering visit to East Jerusalem, Israeli official says",random,Egypt Independent,Egypt,North Africa,MENA,https://www.egyptindependent.com/,20220513
Confusion Ensues as Thailand Opens Land Borders But Laos Remains Closed,random,Laotian Times,Laos,Southeast Asia,Asia,https://laotiantimes.com/,20220513
Orange Alert: New coronavirus controls in parts of Bogot√°,random,The Bogot· Post,Colombia,South America,Latin America,https://thebogotapost.com/,20220516
"Dissection by TikTok: Johnny Depp, Amber Heard trial posts are making accidental influencers out of some, targets out of others",random,Egypt Independent,Egypt,North Africa,MENA,https://www.egyptindependent.com/,20220516
"Egypt aims to reclaim 2.2 million new acres of agricultural land, minister",random,Egypt Independent,Egypt,North Africa,MENA,https://egyptindependent.com/,20220523
Deputy Minister of Transport holds a meeting with the EBRD Managing Director for Central Asia,random,UzDaily.com,Uzbekistan,Central Asia,Asia,https://www.uzdaily.uz/en,20220525
Senators Hope to Wrap Up Draft of  Infrastructure Bill Sunday,random,The Daily Outlook Afghanistan,Afghanistan,South Asia,Asia,http://outlookafghanistan.net/,20220525
Somalia: President Deni reinstates sacked PSF commander in Puntland,random,Garowe Online,Somalia,East Africa,Africa,https://www.garoweonline.com/en,20220525
APM Terminals Apapa provides level playing field for genders ‚Äî Onyia,random,Vanguard,Nigeria,West Africa,Africa,https://www.vanguardngr.com/,20220525
Masks to remain mandatory on Italian flights after May 16th,random,The Local (Italy),Italy,Southern Europe,Europe,https://www.thelocal.it/,20220525
Police arrest man wanted for a 20-year crime spree,random,Taipei Times,Taiwan,East Asia,Asia,https://www.taipeitimes.com/News/taiwan,20220525
UAE: Breaks during work hours mandatory under employment law,random,Khaleej Times,UAE,Middle East,MENA,https://www.khaleejtimes.com/uae,20220525
Artefacts come to life after dark at selected museums this school holiday,random,The Straits Times,Singapore,Southeast Asia,Asia,https://www.straitstimes.com/singapore,20220525
The Crown Prince of Dubai inspires his followers to travel to Mongolia,random,News.MN,Mongolia,East Asia,Asia,https://news.mn/en/category/politics/,20220529
Afghanistan enjoys historic civilization & culture,random,The Kabul Times,Afghanistan,South Asia,Asia,https://thekabultimes.gov.af/,20220529
Low Economic Transformation Is Botswana‚Äôs Overarching Development Challenge ‚Äì Absa MD,random,Botswana Gazette,Botswana,South Africa,Africa,https://www.thegazette.news/,20220529
Return home and reconcile as Islamic teachings require,random,The Kabul Times,Afghanistan,South Asia,Asia,https://thekabultimes.gov.af/,20220529
Firefighters from 6 European countries to be deployed in Greece,random,Keep Talking Greece,Greece,Southern Europe,Europe,https://www.keeptalkinggreece.com/,20220529
Ancient angkuoch needs modern makers,random,Phnom Penh Post,Cambodia,Southeast Asia,Asia,https://www.phnompenhpost.com/,20220602
IAAC to re-propose suspension of lawmakers‚Äô immunity to complete investigation,random,The UB Post,Mongolia,East Asia,Asia,https://theubposts.com/,20220602
Chinese astronauts return with six-month space station mission‚Ä¶,random,The Kabul Times,Afghanistan,South Asia,Asia,https://thekabultimes.gov.af/,20220602
National Hero Chanakira burial today,random,The Chronicle,Zimbabwe,East Africa,Africa,https://www.chronicle.co.zw/,20220602
"August 11,2021  | Editorials",random,The Daily Outlook Afghanistan,Afghanistan,South Asia,Asia,http://outlookafghanistan.net/,20220606
Somalia at increased risk of famine,random,Garowe Online,Somalia,East Africa,Africa,https://www.garoweonline.com/en,20220606
Bakasetas does his trick again for Greece,random,eKathimerini,Greece,Southern Europe,Europe,https://www.ekathimerini.com/,20220606
Distinguished American journalist receives employment gold card,random,Focus Taiwan,Taiwan,East Asia,Asia,https://focustaiwan.tw/,20220606
"Musk feels bad about economy, needs to cut 10% of Tesla jobs",random,Gulf Today,UAE,Middle East,MENA,https://www.gulftoday.ae/,20220606
"1 confirmed monkeypox case transited through S'pore to Australia, 13 persons put on phone surveillance: MOH",random,Today Online,Singapore,Southeast Asia,Asia,https://www.todayonline.com/singapore,20220606
How much can Hungarians save due to the fuel price cap?,random,Daily News Hungary,Hungary,Eastern Europe,Europe,https://dailynewshungary.com/,20220606
The findings of the survey conducted by  Mashvarati Rasonai  ( Media Advice ) and  Zerkalo  (,random,Asia Plus,Tajikistan,Central Asia,Asia,https://asiaplustj.info/en,20220613
NHEA organises innovative HealthTech webinar,random,Vanguard,Nigeria,West Africa,Africa,https://www.vanguardngr.com/,20220613
We'll deliver 90%; remember to give us our 30% - Malala to Ruto,random,The Star,Kenya,East Africa,Africa,https://www.the-star.co.ke/,20220613
Laide Bakare plans to go under the knife,random,Vanguard,Nigeria,West Africa,Africa,https://www.vanguardngr.com/,20220613
US to end Covid testing requirement for travellers from Europe,random,The Local (Spain),Spain,Southern Europe,Europe,https://www.thelocal.es/category/spain-news/,20220613
Video shows French senators praise Taiwanese whisky,random,Taiwan News,Taiwan,East Asia,Asia,https://www.taiwannews.com.tw/en/index,20220613
Sri Lanka now running out of life-saving medicine,random,Daily Tribune,Bahrain,Middle East,MENA,https://www.newsofbahrain.com/,20220613
"Daily Outlook Afghanistan, The Leading Independent English Newspaper",random,The Daily Outlook Afghanistan,Afghanistan,South Asia,Asia,http://outlookafghanistan.net/,20220618
Uhuru receives Zambian President Hichilema,random,The Star,Kenya,East Africa,Africa,https://www.the-star.co.ke/,20220618
"She wants love-making with me, not marriage",random,Vanguard,Nigeria,West Africa,Africa,https://www.vanguardngr.com/,20220618
"After years of cuts, Italy is set to double the number of ICU beds in response to Covid-19",random,La Stampa,Italy,Southern Europe,Europe,https://www.lastampa.it/esteri/la-stampa-in-english/,20220618
Taoyuan airport reports its heaviest seizure of street drugs,random,Focus Taiwan,Taiwan,East Asia,Asia,https://focustaiwan.tw/,20220618
Liverpool complete signing of Darwin Nunez from Benfica,random,Kuwait Times,Kuwait,Middle East,MENA,https://www.kuwaittimes.com/,20220618
Solar City: The surprising places you will find solar panels in Singapore,random,The Straits Times,Singapore,Southeast Asia,Asia,https://www.straitstimes.com/singapore,20220618
Russian gas deliveries to Hungary uninterrupted,random,Daily News Hungary,Hungary,Eastern Europe,Europe,https://dailynewshungary.com/,20220618
IT campus planned to be built in Lviv region on 8 ha,random,Kyiv Post,Ukraine,Eastern Europe,Europe,https://www.kyivpost.com/,20220618
"Dmitry Muratov, the Russian editor-in-chief of the independent newspaper  Novaya Gazeta  ( New",random,Asia Plus,Tajikistan,Central Asia,Asia,https://asiaplustj.info/en,20220623
We understand why lone woman presidential aspirant stepped down ‚Äî Female politicians,random,Vanguard,Nigeria,West Africa,Africa,https://www.vanguardngr.com/,20220623
"Chelsea boss Granovskaia set to exit, Boehly named interim ...",random,The Star,Kenya,East Africa,Africa,https://www.the-star.co.ke/,20220623
3 ways to care for diabetic patient,random,Vanguard,Nigeria,West Africa,Africa,https://www.vanguardngr.com/,20220623
Spain finally rules out 2030 Winter Games bid in Catalonia and Arag√≥n,random,Spain in English,Spain,Southern Europe,Europe,https://www.spainenglish.com/,20220623
Taiwan‚Äôs Taichung introduces public e-bike rental system,random,Taiwan News,Taiwan,East Asia,Asia,https://www.taiwannews.com.tw/en/index,20220623
365 Days of Israeli Culture,random,The Jerusalem Post,Israel,Middle East,MENA,https://www.jpost.com/,20220623
Vietnam‚Äôs largest reel-to-reel tape recorder collection,random,Tuoi Tre News,Vietnam,Southeast Asia,Asia,https://tuoitrenews.vn/,20220625
Turkmenistan‚Äôs State Oil Company Fails to Pay Eight-Year-Old Debt,random,Turkmen.news,Turkmenistan,Central Asia,Asia,https://en.turkmen.news/,20220625
The Needless Outcry Over Choice Of Presidential Running Mate,random,Vanguard,Nigeria,West Africa,Africa,https://www.vanguardngr.com/,20220625
"Raducanu ‚Äònot being distracted by commercial interests‚Äô, ...",random,The Star,Kenya,East Africa,Africa,https://www.the-star.co.ke/,20220625
Champion Breweries appraise performance as profit rise 313.9 %,random,Vanguard,Nigeria,West Africa,Africa,https://www.vanguardngr.com/,20220625
Vietnamese child models to kick start Thailand Fashion Week 2022,random,VnExpress,Vietnam,Southeast Asia,Asia,https://e.vnexpress.net/,20220630
All restrictions related to the coronavirus pandemic have been lifted for tourists arriving in Uzbekistan,random,UzDaily.com,Uzbekistan,Central Asia,Asia,https://www.uzdaily.uz/en,20220630
"Uzbekistan‚Äôs chairmanship in the SCO: effective partnership, long-term‚Ä¶",random,The Kabul Times,Afghanistan,South Asia,Asia,https://thekabultimes.gov.af/,20220630
Somalia: Deputy CEO of Puntland Highway Authority briefs Puntland Parliament,random,Garowe Online,Somalia,East Africa,Africa,https://www.garoweonline.com/en,20220630
"August 11,2021  by",random,The Daily Outlook Afghanistan,Afghanistan,South Asia,Asia,http://outlookafghanistan.net/,20220630
"August 14,2021  | William F. Wechsler | opinion",random,The Daily Outlook Afghanistan,Afghanistan,South Asia,Asia,http://outlookafghanistan.net/,20220703
The game among Chewas is not fun anymore,random,The Nation,Malawi,East Africa,Africa,https://www.mwnation.com/,20220703
Putin to Meet Merkel in  Moscow Next Week,random,The Daily Outlook Afghanistan,Afghanistan,South Asia,Asia,http://outlookafghanistan.net/,20220703
President decries rise of nationalisms in Strasbourg,random,eKathimerini,Greece,Southern Europe,Europe,https://www.ekathimerini.com/,20220703
Late Sinologist's appeal: Keep China from gaining moral high ground,random,Focus Taiwan,Taiwan,East Asia,Asia,https://focustaiwan.tw/,20220703
What Jewish Fundamentalists Really Fear,random,Haaretz,Israel,Middle East,MENA,https://www.haaretz.com/,20220703
AMACOG 92: Schools need old students‚Äô support ‚Äì MAPOLY association committee chair,random,Vanguard,Nigeria,West Africa,Africa,https://www.vanguardngr.com/,20220705
WATCH: What to look out for at Euro 2022?,random,The Star,Kenya,East Africa,Africa,https://www.the-star.co.ke/,20220705
No baby died in our facility ‚Äî UPTH mgt,random,Vanguard,Nigeria,West Africa,Africa,https://www.vanguardngr.com/,20220705
Spain honours Pen√©lope Cruz with its National Cinema Award,random,Spain in English,Spain,Southern Europe,Europe,https://www.spainenglish.com/,20220705
TAIPEI (Taiwan News) ‚Äî Taichung City's Tourism and Travel Bureau has l...,random,Taiwan News,Taiwan,East Asia,Asia,https://www.taiwannews.com.tw/en/index,20220705
‚ÄòMatichon Healthcare‚Äô Returns With Focus on Elderly People,random,Khaosod English,Thailand,Southeast Asia,Asia,https://www.khaosodenglish.com/,20220705
"Bratislava court decision on faeces attacker is erroneous, Supreme Court rules",random,The Slovak Spectator,Slovakia,Eastern Europe,Europe,https://spectator.sme.sk/,20220705
SMOORE launches pioneering research project into nicotine addiction,random,Antara News,Indonesia,Southeast Asia,Asia,https://en.antaranews.com/,20220705
Clean water for everyone after Rophus wins ...,random,The Star,Kenya,East Africa,Africa,https://www.the-star.co.ke/,20220705
"Former Vietnam border guard commander indicted for receiving ‚Äòmonthly salary‚Äô totaling over $820,000 from smuggler",random,Tuoi Tre News,Vietnam,Southeast Asia,Asia,https://tuoitrenews.vn/,20220710
Republican specialized sports school for winter sports to be created in Uzbekistan,random,UzDaily.com,Uzbekistan,Central Asia,Asia,https://www.uzdaily.uz/en,20220710
Afghan‚Äôs tradition during Eid al-Adha,random,The Kabul Times,Afghanistan,South Asia,Asia,https://thekabultimes.gov.af/,20220710
UTM used and dumped?,random,The Nation,Malawi,East Africa,Africa,https://www.mwnation.com/,20220710
"Editor in Chief: Moh. Reza Huwaida 

        Sunday, July 10th, 2022",random,The Daily Outlook Afghanistan,Afghanistan,South Asia,Asia,http://outlookafghanistan.net/,20220710
"How loan sharks are defrauding, blackmailing Nigerians through illegal loans",random,Vanguard,Nigeria,West Africa,Africa,https://www.vanguardngr.com/,20220716
The News Brief: Raila Tosha: Uhuru's last minute game,random,The Star,Kenya,East Africa,Africa,https://www.the-star.co.ke/,20220716
Why my best friend?,random,Vanguard,Nigeria,West Africa,Africa,https://www.vanguardngr.com/,20220716
Subscribe to our Newsletter for new posts. Let‚Äôs stay updated!,random,Spain in English,Spain,Southern Europe,Europe,https://www.spainenglish.com/,20220716
Permanent residency rules for migrant caregivers could be eased: MOL,random,Focus Taiwan,Taiwan,East Asia,Asia,https://focustaiwan.tw/,20220716
UAE announces $2 billion investment for India food parks,random,Gulf Daily News,Bahrain,Middle East,MENA,https://www.gdnonline.com/GroupSection/News,20220716
Top 20 skills you need to develop your career,random,The Star,Malaysia,Southeast Asia,Asia,https://www.thestar.com.my/,20220716
No strikes until 2024. Teachers to get a salary raise,random,The Slovak Spectator,Slovakia,Eastern Europe,Europe,https://spectator.sme.sk/,20220716
"VP Sara: Sorry, teachers, classes have to start on Aug. 22",random,INQUIRER.net,Phillipines,Southeast Asia,Asia,https://newsinfo.inquirer.net/,20220716
Healthy chia and banana smoothie recipe,random,The Star,Kenya,East Africa,Africa,https://www.the-star.co.ke/,20220716
"Turkmenistan to Provide Charter Flights to Russia, Evacuate Students from Romania",random,Turkmen.news,Turkmenistan,Central Asia,Asia,https://en.turkmen.news/,20220721
"Editor in Chief: Moh. Reza Huwaida 

        Thursday, July 21st, 2022",random,The Daily Outlook Afghanistan,Afghanistan,South Asia,Asia,http://outlookafghanistan.net/,20220721
Habitat supports storm survivors in Chikwawa,random,The Nation,Malawi,East Africa,Africa,https://www.mwnation.com/,20220721
"Admission:JAMB, stakeholders peg varsity cut off marks at 140",random,Vanguard,Nigeria,West Africa,Africa,https://www.vanguardngr.com/,20220721
Driving in Italy: What is a ‚ÄòTelepass‚Äô and how do you use it?,random,The Local (Italy),Italy,Southern Europe,Europe,https://www.thelocal.it/,20220721
Imran Khan condemns India‚Äôs treatment of imprisoned Kashmiri leader Yasin Malik,random,The News International,Pakistan,South Asia,Asia,https://www.thenews.com.pk/latest/category/national,20220728
Rural institutions urged to adopt ...,random,The Chronicle,Zimbabwe,East Africa,Africa,https://www.chronicle.co.zw/,20220728
Recent meeting of Pakistani Envoy with Bangladesh PM: Messages for India,random,The Kabul Times,Afghanistan,South Asia,Asia,https://thekabultimes.gov.af/,20220728
"America is failing refugees, and itself",random,eKathimerini,Greece,Southern Europe,Europe,https://www.ekathimerini.com/,20220728
Severed submarine cable disrupts Internet services,random,VnExpress,Vietnam,Southeast Asia,Asia,https://e.vnexpress.net/,20220728
Bollywood BFFs who've called it quits,random,Gulf News,UAE,Middle East,MENA,https://gulfnews.com/,20220728
"More research needed on why people commit online harm, says public-private group after studying issue for a year",random,Today Online,Singapore,Southeast Asia,Asia,https://www.todayonline.com/singapore,20220728
Jobbik demands urgent measures against food price increase,random,Daily News Hungary,Hungary,Eastern Europe,Europe,https://dailynewshungary.com/,20220728
Uhuru picks Noordiin Haji as the new Director of Public Prosecution,random,Garowe Online,Somalia,East Africa,Africa,https://www.garoweonline.com/en,20220728
